5.78094e-05, -0.0853629
5.92405e-05, -0.0853615
6.20875e-05, -0.0853586
6.63327e-05, -0.0853544
7.19616e-05, -0.0853487
7.89615e-05, -0.0853417
8.73216e-05, -0.0853334
9.70327e-05, -0.0853237
0.000108087, -0.0853126
0.000120477, -0.0853002
0.000134197, -0.0852865
0.000149241, -0.0852715
0.000165604, -0.0852551
0.000183282, -0.0852375
0.00020227, -0.0852185
0.000222565, -0.0851982
0.000244162, -0.0851766
0.000267059, -0.0851537
0.000291251, -0.0851295
0.000316735, -0.0851041
0.000343508, -0.0850773
0.000371567, -0.0850493
0.000400908, -0.0850199
0.000431528, -0.0849893
0.000463424, -0.0849574
0.000496592, -0.0849243
0.000531029, -0.0848899
0.000566732, -0.0848542
0.000603697, -0.0848172
0.00064192, -0.084779
0.000681399, -0.0847396
0.00072213, -0.0846988
0.000764109, -0.0846569
0.000807331, -0.0846137
0.000851795, -0.0845692
0.000897495, -0.0845235
0.000944428, -0.0844766
0.00099259, -0.0844285
0.00104198, -0.0843791
0.00109259, -0.0843285
0.00114441, -0.0842767
0.00119745, -0.0842237
0.00125169, -0.0841695
0.00130714, -0.0841141
0.0013638, -0.0840574
0.00142164, -0.0839996
0.00148068, -0.0839406
0.0015409, -0.0838804
0.00160231, -0.083819
0.00166489, -0.0837565
0.00172865, -0.0836927
0.00179358, -0.0836278
0.00185967, -0.0835618
0.00192692, -0.0834945
0.00199532, -0.0834262
0.00206487, -0.0833566
0.00213557, -0.083286
0.00220741, -0.0832142
0.00228038, -0.0831412
0.00235448, -0.0830671
0.00242971, -0.0829919
0.00250605, -0.0829156
0.00258351, -0.0828382
0.00266208, -0.0827597
0.00274176, -0.08268
0.00282253, -0.0825993
0.0029044, -0.0825174
0.00298736, -0.0824345
0.0030714, -0.0823505
0.00315652, -0.0822654
0.00324271, -0.0821793
0.00332997, -0.082092
0.00341829, -0.0820037
0.00350767, -0.0819144
0.00359809, -0.081824
0.00368957, -0.0817326
0.00378208, -0.0816401
0.00387563, -0.0815466
0.00397021, -0.081452
0.00406581, -0.0813565
0.00416243, -0.0812599
0.00426007, -0.0811623
0.00435871, -0.0810637
0.00445835, -0.0809641
0.00455898, -0.0808635
0.00466061, -0.0807619
0.00476322, -0.0806593
0.00486681, -0.0805558
0.00497137, -0.0804512
0.0050769, -0.0803458
0.00518339, -0.0802393
0.00529084, -0.0801319
0.00539923, -0.0800235
0.00550857, -0.0799142
0.00561885, -0.079804
0.00573006, -0.0796928
0.0058422, -0.0795807
0.00595526, -0.0794677
0.00606923, -0.0793538
0.00618411, -0.0792389
0.00629989, -0.0791232
0.00641658, -0.0790066
0.00653415, -0.078889
0.00665261, -0.0787706
0.00677195, -0.0786513
0.00689216, -0.0785311
0.00701324, -0.0784101
0.00713519, -0.0782882
0.00725799, -0.0781654
0.00738164, -0.0780418
0.00750613, -0.0779174
0.00763146, -0.0777921
0.00775763, -0.077666
0.00788462, -0.077539
0.00801243, -0.0774112
0.00814106, -0.0772827
0.0082705, -0.0771533
0.00840074, -0.0770231
0.00853178, -0.0768921
0.0086636, -0.0767603
0.00879622, -0.0766277
0.00892961, -0.0764944
0.00906378, -0.0763602
0.00919871, -0.0762254
0.00933441, -0.0760897
0.00947086, -0.0759533
0.00960806, -0.0758161
0.00974601, -0.0756782
0.0098847, -0.0755396
0.0100241, -0.0754002
0.0101643, -0.0752601
0.0103051, -0.0751193
0.0104467, -0.0749778
0.010589, -0.0748355
0.010732, -0.0746926
0.0108757, -0.0745489
0.01102, -0.0744046
0.0111651, -0.0742596
0.0113109, -0.0741139
0.0114573, -0.0739675
0.0116044, -0.0738204
0.0117521, -0.0736727
0.0119005, -0.0735244
0.0120496, -0.0733753
0.0121993, -0.0732257
0.0123496, -0.0730754
0.0125006, -0.0729245
0.0126522, -0.0727729
0.0128044, -0.0726207
0.0129573, -0.0724679
0.0131107, -0.0723145
0.0132648, -0.0721605
0.0134195, -0.0720059
0.0135747, -0.0718507
0.0137305, -0.0716949
0.013887, -0.0715385
0.014044, -0.0713815
0.0142015, -0.071224
0.0143597, -0.0710659
0.0145184, -0.0709072
0.0146776, -0.070748
0.0148374, -0.0705883
0.0149978, -0.070428
0.0151587, -0.0702671
0.0153201, -0.0701057
0.015482, -0.0699438
0.0156445, -0.0697814
0.0158075, -0.0696185
0.0159709, -0.069455
0.0161349, -0.0692911
0.0162994, -0.0691266
0.0164644, -0.0689617
0.0166299, -0.0687962
0.0167959, -0.0686303
0.0169623, -0.0684639
0.0171292, -0.068297
0.0172966, -0.0681297
0.0174644, -0.0679619
0.0176327, -0.0677936
0.0178015, -0.0676249
0.0179707, -0.0674558
0.0181403, -0.0672862
0.0183104, -0.0671161
0.0184809, -0.0669457
0.0186518, -0.0667748
0.0188232, -0.0666034
0.018995, -0.0664317
0.0191671, -0.0662596
0.0193397, -0.066087
0.0195127, -0.0659141
0.0196861, -0.0657407
0.0198599, -0.065567
0.020034, -0.0653929
0.0202085, -0.0652184
0.0203834, -0.0650435
0.0205587, -0.0648683
0.0207344, -0.0646927
0.0209104, -0.0645167
0.0210867, -0.0643404
0.0212634, -0.0641637
0.0214405, -0.0639867
0.0216179, -0.0638094
0.0217956, -0.0636317
0.0219736, -0.0634536
0.022152, -0.0632753
0.0223307, -0.0630966
0.0225097, -0.0629176
0.0226891, -0.0627383
0.0228687, -0.0625587
0.0230486, -0.0623788
0.0232289, -0.0621986
0.0234094, -0.0620181
0.0235902, -0.0618374
0.0237713, -0.0616563
0.0239527, -0.0614749
0.0241343, -0.0612933
0.0243162, -0.0611114
0.0244984, -0.0609293
0.0246809, -0.0607469
0.0248636, -0.0605642
0.0250465, -0.0603813
0.0252297, -0.0601981
0.0254131, -0.0600147
0.0255968, -0.059831
0.0257807, -0.0596472
0.0259649, -0.059463
0.0261492, -0.0592787
0.0263338, -0.0590942
0.0265186, -0.0589094
0.0267036, -0.0587244
0.0268888, -0.0585392
0.0270743, -0.0583538
0.0272599, -0.0581682
0.0274457, -0.0579824
0.0276317, -0.0577964
0.0278179, -0.0576103
0.0280043, -0.0574239
0.0281908, -0.0572374
0.0283775, -0.0570507
0.0285644, -0.0568638
0.0287515, -0.0566768
0.0289387, -0.0564896
0.0291261, -0.0563022
0.0293136, -0.0561147
0.0295013, -0.0559271
0.0296891, -0.0557393
0.0298771, -0.0555513
0.0300652, -0.0553632
0.0302534, -0.055175
0.0304418, -0.0549867
0.0306303, -0.0547982
0.0308189, -0.0546096
0.0310076, -0.0544209
0.0311964, -0.0542321
0.0313854, -0.0540431
0.0315744, -0.0538541
0.0317636, -0.0536649
0.0319529, -0.0534757
0.0321422, -0.0532864
0.0323317, -0.0530969
0.0325212, -0.0529074
0.0327108, -0.0527178
0.0329005, -0.0525281
0.0330903, -0.0523383
0.0332801, -0.0521485
0.0334701, -0.0519586
0.0336601, -0.0517686
0.0338501, -0.0515786
0.0340402, -0.0513885
0.0342304, -0.0511983
0.0344206, -0.0510081
0.0346108, -0.0508179
0.0348011, -0.0506276
0.0349915, -0.0504373
0.0351819, -0.0502469
0.0353723, -0.0500565
0.0355628, -0.049866
0.0357532, -0.0496755
0.0359437, -0.049485
0.0361343, -0.0492945
0.0363248, -0.049104
0.0365154, -0.0489134
0.0367059, -0.0487229
0.0368965, -0.0485323
0.0370871, -0.0483417
0.0372777, -0.0481511
0.0374683, -0.0479605
0.0376589, -0.04777
0.0378494, -0.0475794
0.03804, -0.0473888
0.0382306, -0.0471983
0.0384211, -0.0470077
0.0386116, -0.0468172
0.0388021, -0.0466267
0.0389926, -0.0464363
0.039183, -0.0462458
0.0393734, -0.0460554
0.0395638, -0.045865
0.0397541, -0.0456747
0.0399444, -0.0454844
0.0401347, -0.0452942
0.0403249, -0.0451039
0.040515, -0.0449138
0.0407051, -0.0447237
0.0408952, -0.0445336
0.0410852, -0.0443436
0.0412751, -0.0441537
0.041465, -0.0439638
0.0416548, -0.043774
0.0418445, -0.0435843
0.0420342, -0.0433946
0.0422238, -0.043205
0.0424133, -0.0430155
0.0426027, -0.042826
0.0427921, -0.0426367
0.0429813, -0.0424474
0.0431705, -0.0422582
0.0433596, -0.0420691
0.0435486, -0.0418801
0.0437375, -0.0416912
0.0439263, -0.0415024
0.044115, -0.0413137
0.0443036, -0.0411251
0.0444921, -0.0409365
0.0446805, -0.0407481
0.0448688, -0.0405598
0.045057, -0.0403717
0.045245, -0.0401836
0.045433, -0.0399956
0.0456208, -0.0398078
0.0458085, -0.0396201
0.0459961, -0.0394325
0.0461835, -0.039245
0.0463708, -0.0390577
0.046558, -0.0388705
0.0467451, -0.0386834
0.046932, -0.0384965
0.0471188, -0.0383097
0.0473055, -0.038123
0.047492, -0.0379365
0.0476783, -0.0377501
0.0478645, -0.0375639
0.0480506, -0.0373778
0.0482365, -0.0371919
0.0484223, -0.0370061
0.0486079, -0.0368204
0.0487933, -0.036635
0.0489786, -0.0364497
0.0491638, -0.0362645
0.0493487, -0.0360795
0.0495335, -0.0358947
0.0497182, -0.03571
0.0499027, -0.0355255
0.050087, -0.0353412
0.0502711, -0.0351571
0.050455, -0.0349731
0.0506388, -0.0347893
0.0508224, -0.0346057
0.0510058, -0.0344222
0.0511891, -0.034239
0.0513721, -0.0340559
0.051555, -0.033873
0.0517377, -0.0336903
0.0519202, -0.0335078
0.0521025, -0.0333255
0.0522846, -0.0331433
0.0524665, -0.0329614
0.0526482, -0.0327796
0.0528297, -0.0325981
0.053011, -0.0324168
0.0531921, -0.0322356
0.053373, -0.0320547
0.0535538, -0.0318739
0.0537343, -0.0316934
0.0539146, -0.0315131
0.0540946, -0.031333
0.0542745, -0.0311531
0.0544542, -0.0309734
0.0546336, -0.0307939
0.0548128, -0.0306147
0.0549918, -0.0304356
0.0551706, -0.0302568
0.0553492, -0.0300782
0.0555276, -0.0298998
0.0557057, -0.0297216
0.0558836, -0.0295437
0.0560613, -0.029366
0.0562387, -0.0291885
0.0564159, -0.0290113
0.0565929, -0.0288343
0.0567697, -0.0286575
0.0569462, -0.0284809
0.0571225, -0.0283046
0.0572985, -0.0281285
0.0574743, -0.0279527
0.0576499, -0.0277771
0.0578252, -0.0276017
0.0580003, -0.0274266
0.0581752, -0.0272517
0.0583498, -0.0270771
0.0585241, -0.0269027
0.0586982, -0.0267285
0.0588721, -0.0265546
0.0590457, -0.026381
0.0592191, -0.0262076
0.0593922, -0.0260344
0.059565, -0.0258615
0.0597376, -0.0256889
0.05991, -0.0255165
0.0600821, -0.0253444
0.0602539, -0.0251725
0.0604255, -0.0250009
0.0605968, -0.0248295
0.0607678, -0.0246585
0.0609386, -0.0244876
0.0611092, -0.024317
0.0612794, -0.0241467
0.0614494, -0.0239767
0.0616192, -0.0238069
0.0617886, -0.0236374
0.0619578, -0.0234682
0.0621267, -0.0232992
0.0622954, -0.0231305
0.0624638, -0.0229621
0.0626319, -0.0227939
0.0627997, -0.022626
0.0629673, -0.0224584
0.0631346, -0.0222911
0.0633016, -0.022124
0.0634684, -0.0219573
0.0636348, -0.0217908
0.063801, -0.0216245
0.0639669, -0.0214586
0.0641325, -0.0212929
0.0642979, -0.0211275
0.0644629, -0.0209624
0.0646277, -0.0207976
0.0647922, -0.0206331
0.0649564, -0.0204688
0.0651203, -0.0203049
0.0652839, -0.0201412
0.0654473, -0.0199778
0.0656104, -0.0198147
0.0657731, -0.0196519
0.0659356, -0.0194893
0.0660978, -0.0193271
0.0662597, -0.0191651
0.0664213, -0.0190035
0.0665826, -0.0188421
0.0667437, -0.018681
0.0669044, -0.0185203
0.0670648, -0.0183598
0.067225, -0.0181996
0.0673848, -0.0180397
0.0675444, -0.0178801
0.0677036, -0.0177208
0.0678626, -0.0175618
0.0680212, -0.0174031
0.0681796, -0.0172447
0.0683376, -0.0170866
0.0684954, -0.0169288
0.0686529, -0.0167712
0.06881, -0.016614
0.0689669, -0.0164571
0.0691234, -0.0163005
0.0692797, -0.0161442
0.0694356, -0.0159882
0.0695913, -0.0158325
0.0697466, -0.0156771
0.0699016, -0.0155221
0.0700564, -0.0153673
0.0702108, -0.0152128
0.0703649, -0.0150586
0.0705187, -0.0149048
0.0706722, -0.0147512
0.0708254, -0.014598
0.0709783, -0.014445
0.0711309, -0.0142924
0.0712831, -0.0141401
0.0714351, -0.0139881
0.0715868, -0.0138364
0.0717381, -0.013685
0.0718891, -0.0135339
0.0720398, -0.0133831
0.0721902, -0.0132327
0.0723403, -0.0130825
0.0724901, -0.0129327
0.0726396, -0.0127832
0.0727888, -0.0126339
0.0729376, -0.012485
0.0730861, -0.0123365
0.0732343, -0.0121882
0.0733822, -0.0120402
0.0735298, -0.0118926
0.0736771, -0.0117453
0.0738241, -0.0115983
0.0739707, -0.0114516
0.074117, -0.0113052
0.074263, -0.0111591
0.0744087, -0.0110134
0.0745541, -0.0108679
0.0746992, -0.0107228
0.0748439, -0.010578
0.0749884, -0.0104335
0.0751325, -0.0102893
0.0752763, -0.0101455
0.0754197, -0.010002
0.0755629, -0.00985875
0.0757057, -0.00971585
0.0758483, -0.00957327
0.0759905, -0.00943101
0.0761324, -0.00928907
0.0762739, -0.00914745
0.0764152, -0.00900614
0.0765561, -0.00886516
0.0766967, -0.00872449
0.076837, -0.00858415
0.076977, -0.00844412
0.0771166, -0.00830441
0.0772559, -0.00816502
0.077395, -0.00802595
0.0775336, -0.0078872
0.077672, -0.00774877
0.0778101, -0.00761067
0.0779478, -0.00747288
0.0780852, -0.00733541
0.0782223, -0.00719826
0.0783591, -0.00706143
0.0784955, -0.00692492
0.0786317, -0.00678874
0.0787675, -0.00665287
0.078903, -0.00651732
0.0790381, -0.0063821
0.079173, -0.00624719
0.0793075, -0.00611261
0.0794417, -0.00597834
0.0795756, -0.0058444
0.0797091, -0.00571078
0.0798424, -0.00557748
0.0799753, -0.0054445
0.0801079, -0.00531183
0.0802402, -0.00517949
0.0803722, -0.00504748
0.0805038, -0.00491578
0.0806351, -0.0047844
0.0807661, -0.00465334
0.0808968, -0.0045226
0.0810272, -0.00439219
0.0811572, -0.00426209
0.0812869, -0.00413231
0.0814163, -0.00400286
0.0815454, -0.00387372
0.0816741, -0.0037449
0.0818026, -0.00361641
0.0819307, -0.00348823
0.0820585, -0.00336037
0.082186, -0.00323284
0.0823131, -0.00310562
0.08244, -0.00297872
0.0825665, -0.00285214
0.0826927, -0.00272588
0.0828186, -0.00259994
0.0829441, -0.00247432
0.0830694, -0.00234902
0.0831943, -0.00222404
0.0833189, -0.00209937
0.0834432, -0.00197502
0.0835672, -0.001851
0.0836908, -0.00172729
0.0838141, -0.00160389
0.0839372, -0.00148082
0.0840599, -0.00135806
0.0841822, -0.00123562
0.0843043, -0.0011135
0.084426, -0.000991694
0.0845475, -0.000870206
0.0846686, -0.000749034
0.0847894, -0.000628179
0.0849099, -0.00050764
0.08503, -0.000387417
0.0851499, -0.000267511
0.0852694, -0.000147919
0.0853886, -2.86437e-05
0.0855075, 9.03168e-05
0.0856261, 0.000208962
0.0857444, 0.000327293
0.0858623, 0.000445309
0.08598, 0.000563011
0.0860973, 0.000680399
0.0862143, 0.000797473
0.086331, 0.000914233
0.0864474, 0.00103068
0.0865635, 0.00114681
0.0866793, 0.00126264
0.0867947, 0.00137814
0.0869098, 0.00149334
0.0870247, 0.00160823
0.0871392, 0.0017228
0.0872534, 0.00183706
0.0873673, 0.00195101
0.0874809, 0.00206465
0.0875941, 0.00217798
0.0877071, 0.002291
0.0878197, 0.00240371
0.0879321, 0.0025161
0.0880441, 0.00262819
0.0881558, 0.00273997
0.0882672, 0.00285145
0.0883783, 0.00296261
0.0884891, 0.00307346
0.0885996, 0.00318401
0.0887098, 0.00329425
0.0888197, 0.00340418
0.0889292, 0.00351381
0.0890385, 0.00362313
0.0891475, 0.00373214
0.0892561, 0.00384085
0.0893645, 0.00394925
0.0894725, 0.00405735
0.0895802, 0.00416514
0.0896877, 0.00427263
0.0897948, 0.00437981
0.0899016, 0.00448669
0.0900081, 0.00459327
0.0901143, 0.00469954
0.0902202, 0.00480551
0.0903259, 0.00491118
0.0904312, 0.00501655
0.0905362, 0.00512161
0.0906409, 0.00522637
0.0907453, 0.00533084
0.0908494, 0.005435
0.0909532, 0.00553886
0.0910567, 0.00564243
0.0911599, 0.00574569
0.0912628, 0.00584865
0.0913654, 0.00595132
0.0914677, 0.00605369
0.0915697, 0.00615576
0.0916715, 0.00625753
0.0917729, 0.00635901
0.091874, 0.00646019
0.0919748, 0.00656108
0.0920754, 0.00666167
0.0921756, 0.00676196
0.0922755, 0.00686196
0.0923752, 0.00696166
0.0924745, 0.00706107
0.0925736, 0.00716019
0.0926724, 0.00725901
0.0927708, 0.00735755
0.092869, 0.00745578
0.0929669, 0.00755373
0.0930645, 0.00765139
0.0931618, 0.00774875
0.0932588, 0.00784583
0.0933556, 0.00794261
0.093452, 0.00803911
0.0935482, 0.00813531
0.093644, 0.00823123
0.0937396, 0.00832686
0.0938349, 0.0084222
0.0939299, 0.00851725
0.0940246, 0.00861202
0.094119, 0.0087065
0.0942131, 0.00880069
0.094307, 0.0088946
0.0944006, 0.00898822
0.0944938, 0.00908156
0.0945868, 0.00917462
0.0946796, 0.00926739
0.094772, 0.00935988
0.0948641, 0.00945208
0.094956, 0.009544
0.0950476, 0.00963564
0.0951389, 0.009727
0.0952299, 0.00981808
0.0953207, 0.00990888
0.0954111, 0.0099994
0.0955013, 0.0100896
0.0955912, 0.0101796
0.0956808, 0.0102693
0.0957702, 0.0103587
0.0958593, 0.0104478
0.0959481, 0.0105367
0.0960366, 0.0106252
0.0961248, 0.0107135
0.0962128, 0.0108015
0.0963005, 0.0108893
0.0963879, 0.0109768
0.096475, 0.011064
0.0965619, 0.0111509
0.0966485, 0.0112375
0.0967348, 0.0113239
0.0968209, 0.01141
0.0969067, 0.0114959
0.0969922, 0.0115814
0.0970774, 0.0116667
0.0971624, 0.0117517
0.0972471, 0.0118365
0.0973315, 0.011921
0.0974157, 0.0120052
0.0974996, 0.0120891
0.0975832, 0.0121728
0.0976666, 0.0122562
0.0977497, 0.0123394
0.0978325, 0.0124223
0.097915, 0.0125049
0.0979973, 0.0125872
0.0980794, 0.0126693
0.0981611, 0.0127511
0.0982427, 0.0128327
0.0983239, 0.012914
0.0984049, 0.012995
0.0984856, 0.0130758
0.0985661, 0.0131563
0.0986463, 0.0132365
0.0987262, 0.0133165
0.0988059, 0.0133963
0.0988853, 0.0134757
0.0989645, 0.0135549
0.0990434, 0.0136339
0.099122, 0.0137126
0.0992004, 0.013791
0.0992785, 0.0138692
0.0993564, 0.0139471
0.099434, 0.0140248
0.0995114, 0.0141022
0.0995885, 0.0141794
0.0996653, 0.0142563
0.0997419, 0.0143329
0.0998183, 0.0144093
0.0998944, 0.0144855
0.0999702, 0.0145614
0.100046, 0.014637
0.100121, 0.0147124
0.100196, 0.0147876
0.100271, 0.0148625
0.100346, 0.0149371
0.10042, 0.0150115
0.100494, 0.0150857
0.100568, 0.0151596
0.100642, 0.0152332
0.100715, 0.0153066
0.100788, 0.0153798
0.100861, 0.0154527
0.100934, 0.0155254
0.101006, 0.0155978
0.101078, 0.01567
0.10115, 0.0157419
0.101222, 0.0158136
0.101293, 0.0158851
0.101364, 0.0159563
0.101435, 0.0160273
0.101506, 0.016098
0.101576, 0.0161685
0.101646, 0.0162387
0.101716, 0.0163088
0.101786, 0.0163785
0.101856, 0.0164481
0.101925, 0.0165174
0.101994, 0.0165864
0.102063, 0.0166553
0.102131, 0.0167239
0.1022, 0.0167922
0.102268, 0.0168604
0.102336, 0.0169282
0.102403, 0.0169959
0.102471, 0.0170633
0.102538, 0.0171305
0.102605, 0.0171975
0.102671, 0.0172642
0.102738, 0.0173307
0.102804, 0.017397
0.10287, 0.017463
0.102936, 0.0175288
0.103001, 0.0175944
0.103067, 0.0176598
0.103132, 0.0177249
0.103196, 0.0177898
0.103261, 0.0178545
0.103326, 0.0179189
0.10339, 0.0179831
0.103454, 0.0180471
0.103517, 0.0181109
0.103581, 0.0181745
0.103644, 0.0182378
0.103707, 0.0183009
0.10377, 0.0183638
0.103833, 0.0184264
0.103895, 0.0184889
0.103957, 0.0185511
0.104019, 0.0186131
0.104081, 0.0186749
0.104142, 0.0187364
0.104204, 0.0187978
0.104265, 0.0188589
0.104326, 0.0189198
0.104386, 0.0189805
0.104447, 0.019041
0.104507, 0.0191013
0.104567, 0.0191613
0.104627, 0.0192212
0.104686, 0.0192808
0.104746, 0.0193402
0.104805, 0.0193994
0.104864, 0.0194584
0.104923, 0.0195171
0.104981, 0.0195757
0.105039, 0.019634
0.105098, 0.0196922
0.105155, 0.0197501
0.105213, 0.0198078
0.105271, 0.0198654
0.105328, 0.0199227
0.105385, 0.0199798
0.105442, 0.0200367
0.105498, 0.0200933
0.105555, 0.0201498
0.105611, 0.0202061
0.105667, 0.0202622
0.105723, 0.020318
0.105779, 0.0203737
0.105834, 0.0204292
0.105889, 0.0204844
0.105944, 0.0205395
0.105999, 0.0205943
0.106054, 0.020649
0.106108, 0.0207035
0.106162, 0.0207577
0.106216, 0.0208118
0.10627, 0.0208656
0.106324, 0.0209193
0.106377, 0.0209727
0.10643, 0.021026
0.106483, 0.0210791
0.106536, 0.021132
0.106589, 0.0211846
0.106641, 0.0212371
0.106694, 0.0212894
0.106746, 0.0213415
0.106798, 0.0213934
0.106849, 0.0214451
0.106901, 0.0214966
0.106952, 0.021548
0.107003, 0.0215991
0.107054, 0.0216501
0.107105, 0.0217008
0.107155, 0.0217514
0.107206, 0.0218017
0.107256, 0.0218519
0.107306, 0.0219019
0.107355, 0.0219518
0.107405, 0.0220014
0.107454, 0.0220508
0.107504, 0.0221001
0.107553, 0.0221491
0.107602, 0.022198
0.10765, 0.0222467
0.107699, 0.0222952
0.107747, 0.0223436
0.107795, 0.0223917
0.107843, 0.0224397
0.107891, 0.0224875
0.107938, 0.0225351
0.107986, 0.0225825
0.108033, 0.0226298
0.10808, 0.0226768
0.108127, 0.0227237
0.108174, 0.0227704
0.10822, 0.0228169
0.108266, 0.0228633
0.108312, 0.0229095
0.108358, 0.0229555
0.108404, 0.0230013
0.10845, 0.0230469
0.108495, 0.0230924
0.108541, 0.0231377
0.108586, 0.0231828
0.108631, 0.0232278
0.108675, 0.0232726
0.10872, 0.0233172
0.108764, 0.0233616
0.108809, 0.0234059
0.108853, 0.02345
0.108896, 0.0234939
0.10894, 0.0235376
0.108984, 0.0235812
0.109027, 0.0236246
0.10907, 0.0236679
0.109113, 0.023711
0.109156, 0.0237539
0.109199, 0.0237966
0.109242, 0.0238392
0.109284, 0.0238816
0.109326, 0.0239238
0.109368, 0.0239659
0.10941, 0.0240078
0.109452, 0.0240496
0.109493, 0.0240912
0.109535, 0.0241326
0.109576, 0.0241739
0.109617, 0.024215
0.109658, 0.0242559
0.109699, 0.0242967
0.109739, 0.0243373
0.10978, 0.0243778
0.10982, 0.0244181
0.10986, 0.0244582
0.1099, 0.0244982
0.10994, 0.024538
0.109979, 0.0245777
0.110019, 0.0246172
0.110058, 0.0246565
0.110097, 0.0246957
0.110136, 0.0247348
0.110175, 0.0247737
0.110214, 0.0248124
0.110253, 0.024851
0.110291, 0.0248894
0.110329, 0.0249277
0.110367, 0.0249658
0.110405, 0.0250037
0.110443, 0.0250416
0.110481, 0.0250792
0.110518, 0.0251167
0.110555, 0.0251541
0.110593, 0.0251913
0.11063, 0.0252284
0.110667, 0.0252653
0.110703, 0.025302
0.11074, 0.0253387
0.110776, 0.0253751
0.110813, 0.0254114
0.110849, 0.0254476
0.110885, 0.0254836
0.110921, 0.0255195
0.110956, 0.0255553
0.110992, 0.0255909
0.111027, 0.0256263
0.111063, 0.0256616
0.111098, 0.0256968
0.111133, 0.0257318
0.111168, 0.0257667
0.111202, 0.0258014
0.111237, 0.025836
0.111271, 0.0258705
0.111306, 0.0259048
0.11134, 0.0259389
0.111374, 0.025973
0.111408, 0.0260069
0.111441, 0.0260406
0.111475, 0.0260742
0.111508, 0.0261077
0.111542, 0.026141
0.111575, 0.0261743
0.111608, 0.0262073
0.111641, 0.0262402
0.111673, 0.026273
0.111706, 0.0263057
0.111739, 0.0263382
0.111771, 0.0263706
0.111803, 0.0264029
0.111835, 0.026435
0.111867, 0.026467
0.111899, 0.0264988
0.111931, 0.0265306
0.111962, 0.0265622
0.111994, 0.0265936
0.112025, 0.0266249
0.112056, 0.0266561
0.112087, 0.0266872
0.112118, 0.0267182
0.112149, 0.026749
0.11218, 0.0267797
0.11221, 0.0268102
0.112241, 0.0268406
0.112271, 0.0268709
0.112301, 0.0269011
0.112331, 0.0269312
0.112361, 0.0269611
0.112391, 0.0269909
0.11242, 0.0270205
0.11245, 0.0270501
0.112479, 0.0270795
0.112509, 0.0271088
0.112538, 0.027138
0.112567, 0.027167
0.112596, 0.0271959
0.112624, 0.0272247
0.112653, 0.0272534
0.112682, 0.027282
0.11271, 0.0273104
0.112738, 0.0273387
0.112767, 0.0273669
0.112795, 0.027395
0.112823, 0.027423
0.11285, 0.0274508
0.112878, 0.0274785
0.112906, 0.0275061
0.112933, 0.0275336
0.11296, 0.027561
0.112988, 0.0275882
0.113015, 0.0276154
0.113042, 0.0276424
0.113069, 0.0276693
0.113095, 0.0276961
0.113122, 0.0277227
0.113149, 0.0277493
0.113175, 0.0277757
0.113201, 0.0278021
0.113228, 0.0278283
0.113254, 0.0278544
0.11328, 0.0278804
0.113305, 0.0279062
0.113331, 0.027932
0.113357, 0.0279577
0.113382, 0.0279832
0.113408, 0.0280086
0.113433, 0.0280339
0.113458, 0.0280592
0.113483, 0.0280843
0.113508, 0.0281093
0.113533, 0.0281341
0.113558, 0.0281589
0.113583, 0.0281836
0.113607, 0.0282081
0.113631, 0.0282326
0.113656, 0.0282569
0.11368, 0.0282812
0.113704, 0.0283053
0.113728, 0.0283293
0.113752, 0.0283532
0.113776, 0.0283771
0.1138, 0.0284008
0.113823, 0.0284244
0.113847, 0.0284479
0.11387, 0.0284713
0.113893, 0.0284946
0.113916, 0.0285178
0.11394, 0.0285409
0.113962, 0.0285638
0.113985, 0.0285867
0.114008, 0.0286095
0.114031, 0.0286322
0.114053, 0.0286548
0.114076, 0.0286773
0.114098, 0.0286997
0.11412, 0.0287219
0.114143, 0.0287441
0.114165, 0.0287662
0.114187, 0.0287882
0.114209, 0.0288101
0.11423, 0.0288319
0.114252, 0.0288536
0.114274, 0.0288752
0.114295, 0.0288967
0.114316, 0.0289181
0.114338, 0.0289394
0.114359, 0.0289606
0.11438, 0.0289817
0.114401, 0.0290027
0.114422, 0.0290237
0.114443, 0.0290445
0.114463, 0.0290653
0.114484, 0.0290859
0.114505, 0.0291065
0.114525, 0.0291269
0.114545, 0.0291473
0.114566, 0.0291676
0.114586, 0.0291877
0.114606, 0.0292078
0.114626, 0.0292278
0.114646, 0.0292477
0.114666, 0.0292676
0.114685, 0.0292873
0.114705, 0.0293069
0.114725, 0.0293265
0.114744, 0.0293459
0.114763, 0.0293653
0.114783, 0.0293846
0.114802, 0.0294038
0.114821, 0.0294229
0.11484, 0.0294419
0.114859, 0.0294609
0.114878, 0.0294797
0.114896, 0.0294985
0.114915, 0.0295171
0.114934, 0.0295357
0.114952, 0.0295542
0.11497, 0.0295727
0.114989, 0.029591
0.115007, 0.0296092
0.115025, 0.0296274
0.115043, 0.0296455
0.115061, 0.0296635
0.115079, 0.0296814
0.115097, 0.0296992
0.115115, 0.029717
0.115132, 0.0297346
0.11515, 0.0297522
0.115167, 0.0297697
0.115185, 0.0297871
0.115202, 0.0298045
0.115219, 0.0298217
0.115237, 0.0298389
0.115254, 0.029856
0.115271, 0.029873
0.115288, 0.02989
0.115304, 0.0299068
0.115321, 0.0299236
0.115338, 0.0299403
0.115354, 0.0299569
0.115371, 0.0299735
0.115387, 0.0299899
0.115404, 0.0300063
0.11542, 0.0300226
0.115436, 0.0300389
0.115452, 0.030055
0.115469, 0.0300711
0.115485, 0.0300871
0.1155, 0.030103
0.115516, 0.0301189
0.115532, 0.0301347
0.115548, 0.0301504
0.115563, 0.030166
0.115579, 0.0301816
0.115594, 0.030197
0.11561, 0.0302124
0.115625, 0.0302278
0.11564, 0.030243
0.115655, 0.0302582
0.115671, 0.0302733
0.115686, 0.0302884
0.115701, 0.0303034
0.115715, 0.0303183
0.11573, 0.0303331
0.115745, 0.0303478
0.11576, 0.0303625
0.115774, 0.0303771
0.115789, 0.0303917
0.115803, 0.0304062
0.115818, 0.0304206
0.115832, 0.0304349
0.115846, 0.0304492
0.11586, 0.0304634
0.115875, 0.0304775
0.115889, 0.0304916
0.115903, 0.0305056
0.115917, 0.0305195
0.11593, 0.0305333
0.115944, 0.0305471
0.115958, 0.0305609
0.115972, 0.0305745
0.115985, 0.0305881
0.115999, 0.0306016
0.116012, 0.0306151
0.116025, 0.0306285
0.116039, 0.0306418
0.116052, 0.0306551
0.116065, 0.0306683
0.116078, 0.0306814
0.116091, 0.0306945
0.116104, 0.0307075
0.116117, 0.0307204
0.11613, 0.0307333
0.116143, 0.0307461
0.116156, 0.0307589
0.116168, 0.0307715
0.116181, 0.0307842
0.116194, 0.0307967
0.116206, 0.0308092
0.116218, 0.0308217
0.116231, 0.030834
0.116243, 0.0308464
0.116255, 0.0308586
0.116268, 0.0308708
0.11628, 0.0308829
0.116292, 0.030895
0.116304, 0.030907
0.116316, 0.030919
0.116328, 0.0309309
0.116339, 0.0309427
0.116351, 0.0309545
0.116363, 0.0309662
0.116375, 0.0309778
0.116386, 0.0309894
0.116398, 0.031001
0.116409, 0.0310125
0.116421, 0.0310239
0.116432, 0.0310353
0.116443, 0.0310466
0.116454, 0.0310578
0.116466, 0.031069
0.116477, 0.0310802
0.116488, 0.0310912
0.116499, 0.0311023
0.11651, 0.0311132
0.116521, 0.0311242
0.116532, 0.031135
0.116542, 0.0311458
0.116553, 0.0311566
0.116564, 0.0311673
0.116574, 0.0311779
0.116585, 0.0311885
0.116596, 0.031199
0.116606, 0.0312095
0.116616, 0.0312199
0.116627, 0.0312303
0.116637, 0.0312406
0.116647, 0.0312509
0.116658, 0.0312611
0.116668, 0.0312713
0.116678, 0.0312814
0.116688, 0.0312914
0.116698, 0.0313014
0.116708, 0.0313114
0.116718, 0.0313213
0.116728, 0.0313311
0.116737, 0.0313409
0.116747, 0.0313507
0.116757, 0.0313604
0.116766, 0.03137
0.116776, 0.0313796
0.116786, 0.0313892
0.116795, 0.0313987
0.116804, 0.0314081
0.116814, 0.0314175
0.116823, 0.0314269
0.116832, 0.0314362
0.116842, 0.0314454
0.116851, 0.0314547
0.11686, 0.0314638
0.116869, 0.0314729
0.116878, 0.031482
0.116887, 0.031491
0.116896, 0.0315
0.116905, 0.0315089
0.116914, 0.0315178
0.116923, 0.0315266
0.116932, 0.0315354
0.11694, 0.0315441
0.116949, 0.0315528
0.116958, 0.0315614
0.116966, 0.03157
0.116975, 0.0315786
0.116983, 0.0315871
0.116992, 0.0315955
0.117, 0.031604
0.117008, 0.0316123
0.117017, 0.0316206
0.117025, 0.0316289
0.117033, 0.0316372
0.117041, 0.0316454
0.11705, 0.0316535
0.117058, 0.0316616
0.117066, 0.0316697
0.117074, 0.0316777
0.117082, 0.0316857
0.11709, 0.0316936
0.117098, 0.0317015
0.117105, 0.0317093
0.117113, 0.0317171
0.117121, 0.0317249
0.117129, 0.0317326
0.117136, 0.0317403
0.117144, 0.0317479
0.117152, 0.0317555
0.117159, 0.0317631
0.117167, 0.0317706
0.117174, 0.0317781
0.117182, 0.0317855
0.117189, 0.0317929
0.117196, 0.0318003
0.117204, 0.0318076
0.117211, 0.0318148
0.117218, 0.0318221
0.117225, 0.0318293
0.117232, 0.0318364
0.117239, 0.0318435
0.117247, 0.0318506
0.117254, 0.0318576
0.117261, 0.0318646
0.117268, 0.0318716
0.117274, 0.0318785
0.117281, 0.0318854
0.117288, 0.0318922
0.117295, 0.031899
0.117302, 0.0319058
0.117308, 0.0319125
0.117315, 0.0319192
0.117322, 0.0319259
0.117328, 0.0319325
0.117335, 0.0319391
0.117341, 0.0319456
0.117348, 0.0319521
0.117354, 0.0319586
0.117361, 0.0319651
0.117367, 0.0319715
0.117374, 0.0319778
0.11738, 0.0319841
0.117386, 0.0319904
0.117393, 0.0319967
0.117399, 0.0320029
0.117405, 0.0320091
0.117411, 0.0320153
0.117417, 0.0320214
0.117423, 0.0320275
0.117429, 0.0320335
0.117435, 0.0320395
0.117441, 0.0320455
0.117447, 0.0320515
0.117453, 0.0320574
0.117459, 0.0320632
0.117465, 0.0320691
0.117471, 0.0320749
0.117476, 0.0320807
0.117482, 0.0320864
0.117488, 0.0320921
0.117494, 0.0320978
0.117499, 0.0321035
0.117505, 0.0321091
0.11751, 0.0321147
0.117516, 0.0321202
0.117521, 0.0321257
0.117527, 0.0321312
0.117532, 0.0321367
0.117538, 0.0321421
0.117543, 0.0321475
0.117549, 0.0321528
0.117554, 0.0321582
0.117559, 0.0321635
0.117564, 0.0321687
0.11757, 0.032174
0.117575, 0.0321792
0.11758, 0.0321844
0.117585, 0.0321895
0.11759, 0.0321946
0.117595, 0.0321997
0.1176, 0.0322048
0.117605, 0.0322098
0.11761, 0.0322148
0.117615, 0.0322197
0.11762, 0.0322247
0.117625, 0.0322296
0.11763, 0.0322345
0.117635, 0.0322393
0.11764, 0.0322441
0.117645, 0.0322489
0.117649, 0.0322537
0.117654, 0.0322584
0.117659, 0.0322631
0.117663, 0.0322678
0.117668, 0.0322725
0.117673, 0.0322771
0.117677, 0.0322817
0.117682, 0.0322863
0.117686, 0.0322908
0.117691, 0.0322953
0.117695, 0.0322998
0.1177, 0.0323043
0.117704, 0.0323087
0.117709, 0.0323131
0.117713, 0.0323175
0.117717, 0.0323218
0.117722, 0.0323262
0.117726, 0.0323305
0.11773, 0.0323347
0.117735, 0.032339
0.117739, 0.0323432
0.117743, 0.0323474
0.117747, 0.0323516
0.117751, 0.0323557
0.117755, 0.0323598
0.117759, 0.0323639
0.117763, 0.032368
0.117768, 0.032372
0.117772, 0.0323761
0.117776, 0.0323801
0.11778, 0.032384
0.117783, 0.032388
0.117787, 0.0323919
0.117791, 0.0323958
0.117795, 0.0323997
0.117799, 0.0324035
0.117803, 0.0324073
0.117807, 0.0324111
0.11781, 0.0324149
0.117814, 0.0324187
0.117818, 0.0324224
0.117822, 0.0324261
0.117825, 0.0324298
0.117829, 0.0324334
0.117833, 0.0324371
0.117836, 0.0324407
0.11784, 0.0324443
0.117843, 0.0324478
0.117847, 0.0324514
0.11785, 0.0324549
0.117854, 0.0324584
0.117857, 0.0324619
0.117861, 0.0324653
0.117864, 0.0324688
0.117868, 0.0324722
0.117871, 0.0324756
0.117874, 0.0324789
0.117878, 0.0324823
0.117881, 0.0324856
0.117884, 0.0324889
0.117888, 0.0324922
0.117891, 0.0324955
0.117894, 0.0324987
0.117897, 0.0325019
0.117901, 0.0325051
0.117904, 0.0325083
0.117907, 0.0325115
0.11791, 0.0325146
0.117913, 0.0325177
0.117916, 0.0325208
0.117919, 0.0325239
0.117922, 0.0325269
0.117925, 0.03253
0.117928, 0.032533
0.117931, 0.032536
0.117934, 0.032539
0.117937, 0.0325419
0.11794, 0.0325448
0.117943, 0.0325478
0.117946, 0.0325507
0.117949, 0.0325535
0.117952, 0.0325564
0.117955, 0.0325592
0.117957, 0.0325621
0.11796, 0.0325649
0.117963, 0.0325676
0.117966, 0.0325704
0.117968, 0.0325732
0.117971, 0.0325759
0.117974, 0.0325786
0.117977, 0.0325813
0.117979, 0.032584
0.117982, 0.0325866
0.117985, 0.0325892
0.117987, 0.0325919
0.11799, 0.0325945
0.117992, 0.032597
0.117995, 0.0325996
0.117997, 0.0326022
0.118, 0.0326047
0.118002, 0.0326072
0.118005, 0.0326097
0.118007, 0.0326122
0.11801, 0.0326146
0.118012, 0.0326171
0.118015, 0.0326195
0.118017, 0.0326219
0.11802, 0.0326243
0.118022, 0.0326267
0.118024, 0.032629
0.118027, 0.0326314
0.118029, 0.0326337
0.118031, 0.032636
0.118034, 0.0326383
0.118036, 0.0326406
0.118038, 0.0326429
0.11804, 0.0326451
0.118043, 0.0326473
0.118045, 0.0326496
0.118047, 0.0326517
0.118049, 0.0326539
0.118051, 0.0326561
0.118054, 0.0326583
0.118056, 0.0326604
0.118058, 0.0326625
0.11806, 0.0326646
0.118062, 0.0326667
0.118064, 0.0326688
0.118066, 0.0326708
0.118068, 0.0326729
0.11807, 0.0326749
0.118072, 0.0326769
0.118074, 0.0326789
0.118076, 0.0326809
0.118078, 0.0326829
0.11808, 0.0326848
0.118082, 0.0326868
0.118084, 0.0326887
0.118086, 0.0326906
0.118088, 0.0326925
0.11809, 0.0326944
0.118092, 0.0326963
0.118093, 0.0326982
0.118095, 0.0327
0.118097, 0.0327018
0.118099, 0.0327036
0.118101, 0.0327054
0.118102, 0.0327072
0.118104, 0.032709
0.118106, 0.0327108
0.118108, 0.0327125
0.118109, 0.0327143
0.118111, 0.032716
0.118113, 0.0327177
0.118115, 0.0327194
0.118116, 0.0327211
0.118118, 0.0327227
0.11812, 0.0327244
0.118121, 0.032726
0.118123, 0.0327277
0.118124, 0.0327293
0.118126, 0.0327309
0.118128, 0.0327325
0.118129, 0.0327341
0.118131, 0.0327357
0.118132, 0.0327372
0.118134, 0.0327388
0.118135, 0.0327403
0.118137, 0.0327418
0.118138, 0.0327433
0.11814, 0.0327448
0.118141, 0.0327463
0.118143, 0.0327478
0.118144, 0.0327492
0.118146, 0.0327507
0.118147, 0.0327521
0.118149, 0.0327535
0.11815, 0.032755
0.118152, 0.0327564
0.118153, 0.0327578
0.118154, 0.0327591
0.118156, 0.0327605
0.118157, 0.0327619
0.118158, 0.0327632
0.11816, 0.0327646
0.118161, 0.0327659
0.118162, 0.0327672
0.118164, 0.0327685
0.118165, 0.0327698
0.118166, 0.0327711
0.118167, 0.0327723
0.118169, 0.0327736
0.11817, 0.0327748
0.118171, 0.0327761
0.118172, 0.0327773
0.118174, 0.0327785
0.118175, 0.0327797
0.118176, 0.0327809
0.118177, 0.0327821
0.118178, 0.0327833
0.11818, 0.0327845
0.118181, 0.0327856
0.118182, 0.0327868
0.118183, 0.0327879
0.118184, 0.032789
0.118185, 0.0327902
0.118186, 0.0327913
0.118188, 0.0327924
0.118189, 0.0327935
0.11819, 0.0327945
0.118191, 0.0327956
0.118192, 0.0327967
0.118193, 0.0327977
0.118194, 0.0327988
0.118195, 0.0327998
0.118196, 0.0328008
0.118197, 0.0328018
0.118198, 0.0328028
0.118199, 0.0328038
0.1182, 0.0328048
0.118201, 0.0328058
0.118202, 0.0328068
0.118203, 0.0328077
0.118204, 0.0328087
0.118205, 0.0328096
0.118206, 0.0328105
0.118207, 0.0328115
0.118207, 0.0328124
0.118208, 0.0328133
0.118209, 0.0328142
0.11821, 0.0328151
0.118211, 0.032816
0.118212, 0.0328168
0.118213, 0.0328177
0.118214, 0.0328185
0.118215, 0.0328194
0.118215, 0.0328202
0.118216, 0.0328211
0.118217, 0.0328219
0.118218, 0.0328227
0.118219, 0.0328235
0.118219, 0.0328243
0.11822, 0.0328251
0.118221, 0.0328259
0.118222, 0.0328267
0.118223, 0.0328274
0.118223, 0.0328282
0.118224, 0.0328289
0.118225, 0.0328297
0.118226, 0.0328304
0.118226, 0.0328312
0.118227, 0.0328319
0.118228, 0.0328326
0.118228, 0.0328333
0.118229, 0.032834
0.11823, 0.0328347
0.11823, 0.0328354
0.118231, 0.0328361
0.118232, 0.0328367
0.118232, 0.0328374
0.118233, 0.0328381
0.118234, 0.0328387
0.118234, 0.0328393
0.118235, 0.03284
0.118236, 0.0328406
0.118236, 0.0328412
0.118237, 0.0328419
0.118238, 0.0328425
0.118238, 0.0328431
0.118239, 0.0328437
0.118239, 0.0328442
0.11824, 0.0328448
0.118241, 0.0328454
0.118241, 0.032846
0.118242, 0.0328465
0.118242, 0.0328471
0.118243, 0.0328476
0.118243, 0.0328482
0.118244, 0.0328487
0.118244, 0.0328493
0.118245, 0.0328498
0.118245, 0.0328503
0.118246, 0.0328508
0.118246, 0.0328513
0.118247, 0.0328518
0.118247, 0.0328523
0.118248, 0.0328528
0.118248, 0.0328533
0.118249, 0.0328538
0.118249, 0.0328542
0.11825, 0.0328547
0.11825, 0.0328552
0.118251, 0.0328556
0.118251, 0.0328561
0.118252, 0.0328565
0.118252, 0.0328569
0.118252, 0.0328574
0.118253, 0.0328578
0.118253, 0.0328582
0.118254, 0.0328586
0.118254, 0.032859
0.118255, 0.0328594
0.118255, 0.0328598
0.118255, 0.0328602
0.118256, 0.0328606
0.118256, 0.032861
0.118256, 0.0328614
0.118257, 0.0328617
0.118257, 0.0328621
0.118258, 0.0328625
0.118258, 0.0328628
0.118258, 0.0328632
0.118259, 0.0328635
0.118259, 0.0328638
0.118259, 0.0328642
0.11826, 0.0328645
0.11826, 0.0328648
0.11826, 0.0328651
0.118261, 0.0328655
0.118261, 0.0328658
0.118261, 0.0328661
0.118261, 0.0328664
0.118262, 0.0328667
0.118262, 0.032867
0.118262, 0.0328673
0.118263, 0.0328675
0.118263, 0.0328678
0.118263, 0.0328681
0.118263, 0.0328684
0.118264, 0.0328686
0.118264, 0.0328689
0.118264, 0.0328691
0.118264, 0.0328694
0.118265, 0.0328696
0.118265, 0.0328699
0.118265, 0.0328701
0.118265, 0.0328703
0.118266, 0.0328706
0.118266, 0.0328708
0.118266, 0.032871
0.118266, 0.0328712
0.118267, 0.0328714
0.118267, 0.0328716
0.118267, 0.0328718
0.118267, 0.032872
0.118267, 0.0328722
0.118268, 0.0328724
0.118268, 0.0328726
0.118268, 0.0328728
0.118268, 0.032873
0.118268, 0.0328732
0.118268, 0.0328733
0.118269, 0.0328735
0.118269, 0.0328737
0.118269, 0.0328738
0.118269, 0.032874
0.118269, 0.0328741
0.118269, 0.0328743
0.118269, 0.0328744
0.11827, 0.0328746
0.11827, 0.0328747
0.11827, 0.0328748
0.11827, 0.032875
0.11827, 0.0328751
0.11827, 0.0328752
0.11827, 0.0328753
0.118271, 0.0328754
0.118271, 0.0328756
0.118271, 0.0328757
0.118271, 0.0328758
0.118271, 0.0328759
0.118271, 0.032876
0.118271, 0.0328761
0.118271, 0.0328762
0.118271, 0.0328763
0.118271, 0.0328763
0.118271, 0.0328764
0.118272, 0.0328765
0.118272, 0.0328766
0.118272, 0.0328767
0.118272, 0.0328767
0.118272, 0.0328768
0.118272, 0.0328769
0.118272, 0.0328769
0.118272, 0.032877
0.118272, 0.032877
0.118272, 0.0328771
0.118272, 0.0328771
0.118272, 0.0328772
0.118272, 0.0328772
0.118272, 0.0328773
0.118272, 0.0328773
0.118272, 0.0328773
0.118272, 0.0328774
0.118272, 0.0328774
0.118272, 0.0328774
0.118273, 0.0328774
0.118273, 0.0328775
0.118273, 0.0328775
0.118273, 0.0328775
0.118273, 0.0328775
0.118273, 0.0328775
0.118273, 0.0328775
0.118273, 0.0328775
0.118273, 0.0328775
0.118273, 0.0328775
0.118273, 0.0328775
0.118273, 0.0328775
0.118273, 0.0328775
0.118273, 0.0328775
0.118273, 0.0328775
0.118273, 0.0328775
0.118273, 0.0328774
0.118272, 0.0328774
0.118272, 0.0328774
0.118272, 0.0328774
0.118272, 0.0328773
0.118272, 0.0328773
0.118272, 0.0328773
0.118272, 0.0328772
0.118272, 0.0328772
0.118272, 0.0328772
0.118272, 0.0328771
0.118272, 0.0328771
0.118272, 0.032877
0.118272, 0.032877
0.118272, 0.0328769
0.118272, 0.0328769
0.118272, 0.0328768
0.118272, 0.0328768
0.118272, 0.0328767
0.118272, 0.0328767
0.118272, 0.0328766
0.118272, 0.0328765
0.118272, 0.0328765
0.118271, 0.0328764
0.118271, 0.0328763
0.118271, 0.0328762
0.118271, 0.0328762
0.118271, 0.0328761
0.118271, 0.032876
0.118271, 0.0328759
0.118271, 0.0328758
0.118271, 0.0328758
0.118271, 0.0328757
0.118271, 0.0328756
0.118271, 0.0328755
0.11827, 0.0328754
0.11827, 0.0328753
0.11827, 0.0328752
0.11827, 0.0328751
0.11827, 0.032875
0.11827, 0.0328749
0.11827, 0.0328748
0.11827, 0.0328747
0.11827, 0.0328746
0.11827, 0.0328745
0.118269, 0.0328744
0.118269, 0.0328743
0.118269, 0.0328742
0.118269, 0.032874
0.118269, 0.0328739
0.118269, 0.0328738
0.118269, 0.0328737
0.118269, 0.0328736
0.118269, 0.0328734
0.118268, 0.0328733
0.118268, 0.0328732
0.118268, 0.0328731
0.118268, 0.0328729
0.118268, 0.0328728
0.118268, 0.0328727
0.118268, 0.0328725
0.118267, 0.0328724
0.118267, 0.0328723
0.118267, 0.0328721
0.118267, 0.032872
0.118267, 0.0328719
0.118267, 0.0328717
0.118267, 0.0328716
0.118267, 0.0328714
0.118266, 0.0328713
0.118266, 0.0328711
0.118266, 0.032871
0.118266, 0.0328708
0.118266, 0.0328707
0.118266, 0.0328705
0.118265, 0.0328704
0.118265, 0.0328702
0.118265, 0.0328701
0.118265, 0.0328699
0.118265, 0.0328698
0.118265, 0.0328696
0.118265, 0.0328695
0.118264, 0.0328693
0.118264, 0.0328691
0.118264, 0.032869
0.118264, 0.0328688
0.118264, 0.0328686
0.118264, 0.0328685
0.118263, 0.0328683
0.118263, 0.0328681
0.118263, 0.032868
0.118263, 0.0328678
0.118263, 0.0328676
0.118263, 0.0328674
0.118262, 0.0328673
0.118262, 0.0328671
0.118262, 0.0328669
0.118262, 0.0328667
0.118262, 0.0328666
0.118261, 0.0328664
0.118261, 0.0328662
0.118261, 0.032866
0.118261, 0.0328659
0.118261, 0.0328657
0.118261, 0.0328655
0.11826, 0.0328653
0.11826, 0.0328651
0.11826, 0.0328649
0.11826, 0.0328647
0.11826, 0.0328646
0.118259, 0.0328644
0.118259, 0.0328642
0.118259, 0.032864
0.118259, 0.0328638
0.118259, 0.0328636
0.118258, 0.0328634
0.118258, 0.0328632
0.118258, 0.032863
0.118258, 0.0328628
0.118258, 0.0328626
0.118258, 0.0328624
0.118257, 0.0328622
0.118257, 0.032862
0.118257, 0.0328618
0.118257, 0.0328616
0.118257, 0.0328614
0.118256, 0.0328612
0.118256, 0.032861
0.118256, 0.0328608
0.118256, 0.0328606
0.118256, 0.0328604
0.118255, 0.0328602
0.118255, 0.03286
0.118255, 0.0328598
0.118255, 0.0328596
0.118255, 0.0328594
0.118254, 0.0328592
0.118254, 0.032859
0.118254, 0.0328588
0.118254, 0.0328586
0.118253, 0.0328584
0.118253, 0.0328582
0.118253, 0.032858
0.118253, 0.0328578
0.118253, 0.0328575
0.118252, 0.0328573
0.118252, 0.0328571
0.118252, 0.0328569
0.118252, 0.0328567
0.118252, 0.0328565
0.118251, 0.0328563
0.118251, 0.032856
0.118251, 0.0328558
0.118251, 0.0328556
0.11825, 0.0328554
0.11825, 0.0328552
0.11825, 0.032855
0.11825, 0.0328548
0.11825, 0.0328545
0.118249, 0.0328543
0.118249, 0.0328541
0.118249, 0.0328539
0.118249, 0.0328537
0.118249, 0.0328534
0.118248, 0.0328532
0.118248, 0.032853
0.118248, 0.0328528
0.118248, 0.0328526
0.118247, 0.0328523
0.118247, 0.0328521
0.118247, 0.0328519
0.118247, 0.0328517
0.118247, 0.0328515
0.118246, 0.0328512
0.118246, 0.032851
0.118246, 0.0328508
0.118246, 0.0328506
0.118245, 0.0328503
0.118245, 0.0328501
0.118245, 0.0328499
0.118245, 0.0328497
0.118245, 0.0328494
0.118244, 0.0328492
0.118244, 0.032849
0.118244, 0.0328488
0.118244, 0.0328485
0.118243, 0.0328483
0.118243, 0.0328481
0.118243, 0.0328479
0.118243, 0.0328476
0.118243, 0.0328474
0.118242, 0.0328472
0.118242, 0.032847
0.118242, 0.0328467
0.118242, 0.0328465
0.118241, 0.0328463
0.118241, 0.032846
0.118241, 0.0328458
0.118241, 0.0328456
0.11824, 0.0328454
0.11824, 0.0328451
0.11824, 0.0328449
0.11824, 0.0328447
0.11824, 0.0328444
0.118239, 0.0328442
0.118239, 0.032844
0.118239, 0.0328438
0.118239, 0.0328435
0.118238, 0.0328433
0.118238, 0.0328431
0.118238, 0.0328428
0.118238, 0.0328426
0.118237, 0.0328424
0.118237, 0.0328422
0.118237, 0.0328419
0.118237, 0.0328417
0.118237, 0.0328415
0.118236, 0.0328412
0.118236, 0.032841
0.118236, 0.0328408
0.118236, 0.0328405
0.118235, 0.0328403
0.118235, 0.0328401
0.118235, 0.0328399
0.118235, 0.0328396
0.118235, 0.0328394
0.118234, 0.0328392
0.118234, 0.0328389
0.118234, 0.0328387
0.118234, 0.0328385
0.118233, 0.0328382
0.118233, 0.032838
0.118233, 0.0328378
0.118233, 0.0328376
0.118232, 0.0328373
0.118232, 0.0328371
0.118232, 0.0328369
0.118232, 0.0328366
0.118232, 0.0328364
0.118231, 0.0328362
0.118231, 0.032836
0.118231, 0.0328357
0.118231, 0.0328355
0.11823, 0.0328353
0.11823, 0.032835
0.11823, 0.0328348
0.11823, 0.0328346
0.118229, 0.0328343
0.118229, 0.0328341
0.118229, 0.0328339
0.118229, 0.0328337
0.118229, 0.0328334
0.118228, 0.0328332
0.118228, 0.032833
0.118228, 0.0328327
0.118228, 0.0328325
0.118227, 0.0328323
0.118227, 0.0328321
0.118227, 0.0328318
0.118227, 0.0328316
0.118226, 0.0328314
0.118226, 0.0328311
0.118226, 0.0328309
0.118226, 0.0328307
0.118226, 0.0328305
0.118225, 0.0328302
0.118225, 0.03283
0.118225, 0.0328298
0.118225, 0.0328296
0.118224, 0.0328293
0.118224, 0.0328291
0.118224, 0.0328289
0.118224, 0.0328287
0.118224, 0.0328284
0.118223, 0.0328282
0.118223, 0.032828
0.118223, 0.0328278
0.118223, 0.0328275
0.118222, 0.0328273
0.118222, 0.0328271
0.118222, 0.0328269
0.118222, 0.0328266
0.118222, 0.0328264
0.118221, 0.0328262
0.118221, 0.032826
